{
  "project_info": {
    "project_number": "66261553488",
    "project_id": "flutterapp2024-mac",
    "storage_bucket": "flutterapp2024-mac.appspot.com"
  },
  "client": [
    {
      "client_info": {
        "mobilesdk_app_id": "1:66261553488:android:e1c0de71af6638c0155c55",
        "android_client_info": {
          "package_name": "com.example.firebasepro"
        }
      },
      "oauth_client": [],
      "api_key": [
        {
          "current_key": "AIzaSyDcumlVpncyRyam4CqCbKT9c0-OKQS41Qc"
        }
      ],
      "services": {
        "appinvite_service": {
          "other_platform_oauth_client": []
        }
      }
    }
  ],
  "configuration_version": "1"
}